{"cameraMode":{"drawMode":0,"name":"Shaded","section":"Shading Mode"},"sceneLighting":true,"audioPlay":false,"sceneViewState":{"m_AlwaysRefresh":false,"showFog":true,"showSkybox":true,"showFlares":true,"showImageEffects":true,"showParticleSystems":true,"showVisualEffectGraphs":true,"m_FxEnabled":true},"in2DMode":false,"pivot":{"x":-2.707864761352539,"y":0.3145877420902252,"z":-0.6342365741729736},"rotation":{"x":-0.16180458664894105,"y":0.12310110032558441,"z":-0.020346803590655328,"w":-0.9789068102836609},"size":9.154178619384766,"orthographic":true}