{"cameraMode":{"drawMode":0,"name":"Shaded","section":"Shading Mode"},"sceneLighting":false,"audioPlay":false,"sceneViewState":{"m_AlwaysRefresh":false,"showFog":true,"showSkybox":false,"showFlares":true,"showImageEffects":true,"showParticleSystems":true,"showVisualEffectGraphs":true,"m_FxEnabled":false},"in2DMode":false,"pivot":{"x":-0.000006094574928283691,"y":0.149949312210083,"z":-2.5331974029541018e-7},"rotation":{"x":0.06579353660345078,"y":-0.21967899799346925,"z":0.014850890263915062,"w":0.9732383489608765},"size":1.7221879959106446,"orthographic":true}