{"cameraMode":{"drawMode":0,"name":"Shaded","section":"Shading Mode"},"sceneLighting":false,"audioPlay":false,"sceneViewState":{"m_AlwaysRefresh":false,"showFog":true,"showSkybox":false,"showFlares":true,"showImageEffects":true,"showParticleSystems":true,"showVisualEffectGraphs":true,"m_FxEnabled":true},"in2DMode":false,"pivot":{"x":0.17123791575431825,"y":0.46721887588500979,"z":0.20765508711338044},"rotation":{"x":-0.16180458664894105,"y":0.12310110032558441,"z":-0.020346803590655328,"w":-0.9789068102836609},"size":1.261170744895935,"orthographic":true}