{"cameraMode":{"drawMode":0,"name":"Shaded","section":"Shading Mode"},"sceneLighting":false,"audioPlay":false,"sceneViewState":{"m_AlwaysRefresh":false,"showFog":true,"showSkybox":false,"showFlares":true,"showImageEffects":true,"showParticleSystems":true,"showVisualEffectGraphs":true,"m_FxEnabled":false},"in2DMode":false,"pivot":{"x":-0.1432739794254303,"y":-0.23750807344913484,"z":0.709019660949707},"rotation":{"x":0.41810333728790285,"y":0.012262788601219654,"z":-0.00564473494887352,"w":0.9082997441291809},"size":1.6038315296173096,"orthographic":false}