{"cameraMode":{"drawMode":0,"name":"Shaded","section":"Shading Mode"},"sceneLighting":false,"audioPlay":false,"sceneViewState":{"m_AlwaysRefresh":false,"showFog":true,"showSkybox":false,"showFlares":true,"showImageEffects":true,"showParticleSystems":true,"showVisualEffectGraphs":true,"m_FxEnabled":true},"in2DMode":false,"pivot":{"x":2.980232238769531e-7,"y":0.4999963045120239,"z":-5.960464477539063e-7},"rotation":{"x":-0.16180458664894105,"y":0.12310110032558441,"z":-0.020346803590655328,"w":-0.9789068102836609},"size":5.462281703948975,"orthographic":true}