{"cameraMode":{"drawMode":0,"name":"Shaded","section":"Shading Mode"},"sceneLighting":false,"audioPlay":false,"sceneViewState":{"m_AlwaysRefresh":false,"showFog":true,"showSkybox":false,"showFlares":true,"showImageEffects":true,"showParticleSystems":true,"showVisualEffectGraphs":true,"m_FxEnabled":false},"in2DMode":false,"pivot":{"x":-1.554842233657837,"y":-2.4950037002563478,"z":1.6940698623657227},"rotation":{"x":0.10569848120212555,"y":0.005966325290501118,"z":-0.0006341291591525078,"w":0.9943816065788269},"size":3.2436766624450685,"orthographic":true}