{"cameraMode":{"drawMode":0,"name":"Shaded","section":"Shading Mode"},"sceneLighting":false,"audioPlay":false,"sceneViewState":{"m_AlwaysRefresh":false,"showFog":true,"showSkybox":false,"showFlares":true,"showImageEffects":true,"showParticleSystems":true,"showVisualEffectGraphs":true,"m_FxEnabled":false},"in2DMode":false,"pivot":{"x":0.01724076271057129,"y":0.15624189376831056,"z":1.1519999504089356},"rotation":{"x":0.10569848120212555,"y":0.005966325290501118,"z":-0.0006341291591525078,"w":0.9943816065788269},"size":2.8940515518188478,"orthographic":true}