{"cameraMode":{"drawMode":0,"name":"Shaded","section":"Shading Mode"},"sceneLighting":false,"audioPlay":false,"sceneViewState":{"m_AlwaysRefresh":false,"showFog":true,"showSkybox":false,"showFlares":true,"showImageEffects":true,"showParticleSystems":true,"showVisualEffectGraphs":true,"m_FxEnabled":false},"in2DMode":false,"pivot":{"x":0.5703943967819214,"y":0.7985360622406006,"z":1.126465916633606},"rotation":{"x":-0.0004742984601762146,"y":-0.9988681077957153,"z":0.04648088291287422,"w":-0.010192647576332093},"size":1.8933117389678956,"orthographic":true}